name,class_name
Ahmad Zikri,Tingkatan 4 STEM
Nurul Aisyah,Tingkatan 4 STEM
Daniel Lim,Tingkatan 4 PA
Siti Fatimah,Tingkatan 4 PA
Ethan Tan,Tingkatan 4 PE
Aina Sofea,Tingkatan 4 PE
Muhammad Haris,Tingkatan 4 ES
Chloe Ng,Tingkatan 4 ES
Amirul Hakim,Tingkatan 4 SS
Sarah Lee,Tingkatan 4 SS
Izzat Fahmi,Tingkatan 4 SP
Emily Wong,Tingkatan 4 SP
Khairul Anwar,Tingkatan 4 MM
Lisa Tan,Tingkatan 4 MM
Faris Danial,Tingkatan 4 PSV
Grace Lim,Tingkatan 4 PSV
Haziq Aiman,Tingkatan 4 SK
Natalie Chen,Tingkatan 4 SK
Zainal Arif,Tingkatan 5 STEM
Michelle Koh,Tingkatan 5 STEM
Afiqah Balqis,Tingkatan 5 PA
Ryan Goh,Tingkatan 5 PA
Imran Syafiq,Tingkatan 5 PE
Sophia Tan,Tingkatan 5 PE
Nadia Amira,Tingkatan 5 ES
Aaron Lim,Tingkatan 5 ES
Hafizuddin,Tingkatan 5 SS
Jessica Ng,Tingkatan 5 SS
Invalid Student,Tingkatan 6 STEM
,Empty Name,Tingkatan 5 SK